id,first_name,last_name,phone,email,company
1,Antonio,Roberts,359-(553)463-6524,aroberts0@domainmarket.com,Meetz
2,Heather,Larson,84-(613)957-8604,hlarson1@slashdot.org,Mybuzz
3,Pamela,Gutierrez,380-(202)765-7522,pgutierrez2@dell.com,Viva
4,Amy,Butler,81-(419)467-9699,abutler3@surveymonkey.com,Oyonder
5,Victor,Porter,62-(532)954-6370,vporter4@timesonline.co.uk,Divavu
6,Jose,Perez,7-(377)632-1333,jperez5@icq.com,Yacero
7,Joyce,Ryan,31-(920)904-5546,jryan6@cbsnews.com,Flashdog
8,Louise,Gray,55-(390)921-7999,lgray7@uiuc.edu,Lazz
9,Jonathan,Medina,54-(942)130-9302,jmedina8@who.int,Skiba
10,Benjamin,Banks,86-(340)340-9318,bbanks9@bloglines.com,Skalith
11,Lois,Wheeler,595-(296)370-0769,lwheelera@1688.com,Dynabox
12,John,Fowler,58-(753)546-8438,jfowlerb@macromedia.com,Feedfish
13,Aaron,Parker,33-(850)934-4116,aparkerc@amazon.com,Eare
14,Betty,Watkins,84-(749)857-2389,bwatkinsd@cyberchimps.com,Yotz
15,Larson,Jenkins,55-(276)973-2776,rjenkinse@answers.com,Ntag
